Position,Const,Created,Modified,Description,Name,Known For,Birth Date
1,nm5052065,2018-07-27,2018-07-27,,"Ansel Elgort","The Fault in Our Stars","March 14, 1994"
2,nm0004747,2018-07-27,2018-07-27,,"Wes Bentley","American Beauty","September 4, 1978"
3,nm0252230,2018-07-27,2018-07-27,,"Chiwetel Ejiofor","12 Years a Slave","July 10, 1977"
4,nm0881631,2018-07-27,2018-07-27,,"Karl Urban","Star Trek","June 7, 1972"
5,nm1429380,2018-07-27,2018-07-27,,"Britt Robertson","Tomorrowland","April 18, 1990"
6,nm3229685,2018-07-27,2018-07-27,,"Kit Harington","Game of Thrones","December 26, 1986"
7,nm0035514,2018-07-27,2018-07-27,,"Richard Armitage","The Hobbit: An Unexpected Journey","August 22, 1971"
8,nm0790688,2018-07-27,2018-07-27,,"Michael Sheen","Masters of Sex","February 5, 1969"
9,nm0182666,2018-07-27,2018-07-27,,"Nikolaj Coster-Waldau","Game of Thrones","July 27, 1970"
10,nm0318821,2018-07-27,2018-07-27,,"Aidan Gillen","Game of Thrones","April 24, 1968"
11,nm0589505,2018-07-27,2018-07-27,,"Wentworth Miller","Prison Break","June 2, 1972"
12,nm2254074,2018-07-27,2018-07-27,,"Bella Thorne","The DUFF","October 8, 1997"
13,nm6663708,2018-07-27,2018-07-27,,"Madelaine Petsch","Riverdale","August 18, 1994"
14,nm0372176,2018-07-27,2018-07-27,,"Lena Headey","300","October 3, 1973"
15,nm0164809,2018-07-27,2018-07-27,,"Jason Clarke","Zero Dark Thirty","July 17, 1969"
16,nm1195855,2018-07-27,2018-07-27,,"Lee Pace","Foundation","March 25, 1979"
17,nm0885840,2018-07-27,2018-07-27,,"Emily VanCamp","Revenge","May 12, 1986"
18,nm0005023,2018-07-27,2018-07-27,,"Djimon Hounsou","Blood Diamond","April 24, 1964"
19,nm1275259,2018-07-27,2018-07-27,,"Alexandra Daddario","Baywatch","March 16, 1986"
20,nm3586035,2018-07-27,2018-07-27,,"Maisie Williams","The New Mutants","April 15, 1997"
21,nm3729225,2018-07-31,2018-07-31,,"Gwendoline Christie","Star Wars: Episode VIII - The Last Jedi","October 28, 1978"
22,nm1431940,2018-07-31,2018-07-31,,"Evangeline Lilly","The Hobbit: The Desolation of Smaug","August 3, 1979"
23,nm0010075,2018-07-31,2018-07-31,,"Jensen Ackles","Supernatural","March 1, 1978"
24,nm2394794,2018-07-31,2018-07-31,,"Karen Gillan","Selfie","November 28, 1987"
25,nm1754059,2018-07-31,2018-07-31,,"Natalie Dormer","Game of Thrones","February 11, 1982"
26,nm1107001,2018-07-31,2018-07-31,,"Anthony Mackie","The Hurt Locker","September 23, 1978"
27,nm0819850,2018-07-31,2018-07-31,,"Cole Sprouse","Riverdale","August 4, 1992"
28,nm1659221,2018-07-31,2018-07-31,,"Sebastian Stan","Captain America: The Winter Soldier","August 13, 1982"
29,nm2955013,2018-07-31,2018-07-31,,"Liam Hemsworth","The Hunger Games","January 13, 1990"
30,nm0636426,2018-07-31,2018-07-31,,"Noomi Rapace","Män som hatar kvinnor","December 28, 1979"
31,nm1411125,2018-07-31,2018-07-31,,"Selena Gomez","Spring Breakers","July 22, 1992"
32,nm5473782,2018-08-01,2018-08-01,,"Taron Egerton","Kingsman: The Secret Service","November 10, 1989"
33,nm0001326,2018-08-01,2018-08-01,,"Josh Hartnett","Lucky Number Slevin","July 21, 1978"
34,nm0000609,2018-08-01,2018-08-01,,"Ving Rhames","Pulp Fiction","May 12, 1959"
35,nm3915784,2018-08-01,2018-08-01,,"John Boyega","Star Wars: Episode VII - The Force Awakens","March 17, 1992"
36,nm5397459,2018-08-01,2018-08-01,,"Daisy Ridley","Star Wars: Episode VII - The Force Awakens","April 10, 1992"
37,nm0279545,2018-08-01,2018-08-01,,"Isla Fisher","Wedding Crashers","February 3, 1976"
38,nm0005188,2018-08-01,2018-08-01,,"James Marsden","Hairspray","September 18, 1973"
39,nm4141252,2018-08-01,2018-08-01,,"Lily James","Cinderella","April 5, 1989"
40,nm1551130,2018-08-01,2018-08-01,,"Keke Palmer","Nope","August 26, 1993"
41,nm0001264,2018-08-01,2018-08-01,,"Sarah Michelle Gellar","Buffy the Vampire Slayer","April 14, 1977"
42,nm3729721,2018-08-01,2018-08-01,,"Dylan O'Brien","Teen Wolf","August 26, 1991"
43,nm0001349,2018-08-03,2018-08-03,,"Jennifer Love Hewitt","I Know What You Did Last Summer","February 21, 1979"
44,nm0002127,2018-08-03,2018-08-03,,"Mariska Hargitay","Law & Order: Special Victims Unit","January 23, 1964"
45,nm0601553,2018-08-03,2018-08-03,,"Mandy Moore","A Walk to Remember","April 10, 1984"
46,nm1377375,2018-08-03,2018-08-03,,"Rachel Bilson","Jumper","August 25, 1981"
47,nm0731075,2018-08-03,2018-08-03,,"Emma Roberts","We're the Millers","February 10, 1991"
48,nm0221046,2018-08-03,2018-08-03,,"Zooey Deschanel","New Girl","January 17, 1980"
49,nm0000299,2018-08-03,2018-08-03,,"Michael Biehn","Aliens","July 31, 1956"
50,nm0000867,2018-08-03,2018-08-03,,"Jason Bateman","Arrested Development","January 14, 1969"
51,nm1411676,2018-08-03,2018-08-03,,"Mindy Kaling","The Office","June 24, 1979"
52,nm0002907,2018-08-03,2018-08-03,,"Alexander Skarsgård","The Legend of Tarzan","August 25, 1976"
53,nm1102577,2018-08-03,2018-08-03,,"Elle Fanning","Super 8","April 9, 1998"
54,nm2368789,2018-08-03,2018-08-03,,"Zoë Kravitz","The Batman","December 1, 1988"
55,nm1847117,2018-08-03,2018-08-03,,"Janelle Monáe","Hidden Figures","December 1, 1985"
56,nm0000630,2018-08-03,2018-08-03,,"Liev Schreiber","Spotlight","October 4, 1967"
57,nm0316079,2018-08-03,2018-08-03,,"Paul Giamatti","Sideways","June 6, 1967"
58,nm0659363,2018-08-03,2018-08-03,,"Hayden Panettiere","Heroes","August 21, 1989"
59,nm1913734,2018-08-03,2018-08-03,,"Rooney Mara","Carol","April 17, 1985"
60,nm0001786,2018-08-03,2018-08-03,,"George Takei","Star Trek","April 20, 1937"
61,nm0124930,2018-08-07,2018-08-07,,"Gerard Butler","300","November 13, 1969"
62,nm0000648,2018-08-07,2018-08-07,,"Wesley Snipes","Blade","July 31, 1962"
63,nm0001337,2018-08-07,2018-08-07,,"Katherine Heigl","One for the Money","November 24, 1978"
64,nm1455681,2018-08-07,2018-08-07,,"AnnaSophia Robb","Rebel Ridge","December 8, 1993"
65,nm0005517,2018-08-07,2018-08-07,,"Gabrielle Union","Bring It On","October 29, 1972"
66,nm2635467,2018-08-07,2018-08-07,,"Jonas Brothers","Aquamarine",
67,nm6574838,2018-08-07,2018-08-07,,"Meghan Trainor","Smurfs: The Lost Village","December 22, 1993"
68,nm1667364,2018-08-07,2018-08-07,,"Ashley Benson","Spring Breakers","December 18, 1989"
69,nm1242688,2018-08-08,2018-08-08,,"Josh Hutcherson","The Hunger Games","October 12, 1992"
70,nm1631269,2018-08-08,2018-08-08,,"Chloë Grace Moretz","Kick-Ass","February 10, 1997"
71,nm0132257,2018-08-08,2018-08-08,,"Bruce Campbell","Bubba Ho-Tep","June 22, 1958"
72,nm0996669,2018-08-08,2018-08-08,,"Common","John Wick: Chapter 2","March 13, 1972"
73,nm0000321,2018-08-17,2018-08-17,,"Gabriel Byrne","The Usual Suspects","May 12, 1950"
74,nm0006669,2018-08-17,2018-08-17,,"William Sadler","Bill & Ted's Bogus Journey","April 13, 1950"
75,nm0586568,2018-08-17,2018-08-17,,"Mads Mikkelsen","Hannibal","November 22, 1965"
76,nm0202966,2018-08-17,2018-08-17,,"Keith David","The Princess and the Frog","June 4, 1956"
77,nm0000317,2018-08-17,2018-08-17,,"Clancy Brown","The Shawshank Redemption","January 5, 1959"
78,nm0628325,2018-08-17,2018-08-17,,"Julie Newmar","Seven Brides for Seven Brothers","August 16, 1933"
79,nm0001056,2018-08-17,2018-08-17,,"Dabney Coleman","WarGames","January 3, 1932"
80,nm0001806,2018-08-17,2018-08-17,,"John Turturro","Fading Gigolo","February 28, 1957"
81,nm0001556,2018-08-17,2018-08-17,,"David Morse","The Green Mile","October 11, 1953"
82,nm0000653,2018-08-17,2018-08-17,,"Brent Spiner","Star Trek: First Contact","February 2, 1949"
83,nm0000119,2018-08-17,2018-08-17,,"Tia Carrere","Wayne's World","January 2"
84,nm0000193,2018-08-17,2018-08-17,,"Demi Moore","G.I. Jane","November 11, 1962"
85,nm0004051,2018-08-17,2018-08-17,,"Brian Cox","Succession","June 1, 1946"
86,nm0000153,2018-08-17,2018-08-17,,"Gina Gershon","Bound","June 10, 1962"
87,nm0505971,2018-08-17,2018-08-17,,"Ted Levine","The Silence of the Lambs","May 29, 1957"
88,nm0000379,2018-08-17,2018-08-17,,"Kirsten Dunst","Spider-Man","April 30, 1982"
89,nm0244630,2018-08-17,2018-08-17,,"Eliza Dushku","Bring It On","December 30, 1980"
90,nm0000612,2018-08-17,2018-08-17,,"Denise Richards","The World Is Not Enough","February 17, 1971"
91,nm0000693,2018-08-17,2018-08-17,,"Peter Weller","RoboCop","June 24, 1947"
92,nm0000295,2018-08-17,2018-08-17,,"Kate Beckinsale","Love & Friendship","July 26, 1973"
93,nm0000133,2018-08-17,2018-08-17,,"Geena Davis","Thelma & Louise","January 21, 1956"
94,nm0000421,2018-08-17,2018-08-17,,"Cuba Gooding Jr.","Jerry Maguire","January 2, 1968"
95,nm0005466,2018-08-17,2018-08-17,,"Julia Stiles","10 Things I Hate About You","March 28, 1981"
96,nm0000130,2018-08-22,2018-08-22,,"Jamie Lee Curtis","True Lies","November 22, 1958"
97,nm0000141,2018-08-22,2018-08-22,,"David Duchovny","The X Files","August 7, 1960"
98,nm0000598,2018-08-22,2018-08-22,,"Dennis Quaid","Far from Heaven","April 9, 1954"
99,nm3918035,2018-08-22,2018-08-22,,"Zendaya","Spider-Man: Homecoming","September 1, 1996"
100,nm0005516,2018-08-22,2018-08-22,,"Blair Underwood","Deep Impact","August 25, 1964"
101,nm0068338,2018-08-22,2018-08-22,,"Kristen Bell","Frozen","July 18, 1980"
102,nm2400045,2018-08-22,2018-08-22,,"Nina Dobrev","The Perks of Being a Wallflower","January 9, 1989"
103,nm0000641,2018-08-27,2018-08-27,,"Gary Sinise","Forrest Gump","March 17, 1955"
104,nm0000434,2018-08-27,2018-08-27,,"Mark Hamill","Star Wars","September 25"
105,nm0000221,2018-08-27,2018-08-27,,"Charlie Sheen","Two and a Half Men","September 3, 1965"
106,nm0000954,2018-08-27,2018-08-27,,"Jon Bon Jovi","Young Guns II","March 2, 1962"
107,nm1982597,2018-08-27,2018-08-27,,"Rihanna","Battleship","February 20, 1988"
108,nm0004914,2018-08-27,2018-08-27,,"Fergie","Nine","March 27, 1975"
109,nm0241049,2018-08-27,2018-08-27,,"Josh Duhamel","Transformers","November 14, 1972"
110,nm0000293,2018-08-30,2018-08-30,,"Sean Bean","The Lord of the Rings: The Fellowship of the Ring","April 17, 1959"
111,nm0000513,2018-08-30,2018-08-30,,"William H. Macy","Fargo","March 13, 1950"
112,nm1046097,2018-08-30,2018-08-30,,"Rachel McAdams","The Notebook","November 17, 1978"
113,nm0000422,2018-08-30,2018-08-30,,"John Goodman","10 Cloverfield Lane","June 20, 1952"
114,nm1086543,2018-08-30,2018-08-30,,"Amanda Seyfried","Les Misérables","December 3, 1985"
115,nm0000115,2018-08-30,2018-08-30,,"Nicolas Cage","Face/Off","January 7, 1964"
116,nm0000102,2018-08-30,2018-08-30,,"Kevin Bacon","Footloose","July 8, 1958"
117,nm0000491,2018-08-30,2018-08-30,,"John Leguizamo","Moulin Rouge!","July 22, 1960"
118,nm0000662,2018-08-30,2018-08-30,,"Kiefer Sutherland","24","December 21, 1966"
119,nm0001803,2018-08-30,2018-08-30,,"Danny Trejo","Machete","May 16, 1944"
120,nm0365140,2020-07-26,2020-07-26,,"Naomie Harris","Moonlight","September 6, 1976"
121,nm2933757,2020-07-26,2020-07-26,,"Gal Gadot","Wonder Woman","April 30, 1985"
122,nm1209966,2020-07-26,2020-07-26,,"Oscar Isaac","Ex Machina","March 9, 1979"
123,nm0430107,2020-07-26,2020-07-26,,"Michael B. Jordan","Black Panther","February 9, 1987"
124,nm0402271,2020-07-26,2020-07-26,,"Charlie Hunnam","Sons of Anarchy","April 10, 1980"
125,nm1727304,2020-07-26,2020-07-26,,"Domhnall Gleeson","Frank","May 12, 1983"
126,nm0001806,2020-07-26,2020-07-26,,"John Turturro","Fading Gigolo","February 28, 1957"
127,nm0000604,2020-07-26,2020-07-26,,"John C. Reilly","Chicago","May 24, 1965"
128,nm0249291,2020-07-26,2020-07-26,,"Joel Edgerton","The Gift","June 23, 1974"
129,nm4043618,2019-01-30,2019-01-30,,"Tom Holland","Spider-Man: Homecoming","June 1, 1996"
130,nm0330687,2019-01-30,2019-01-30,,"Joseph Gordon-Levitt","Inception","February 17, 1981"
131,nm0424848,2019-01-30,2019-01-30,,"Dakota Johnson","Fifty Shades of Grey","October 4, 1989"
132,nm1089991,2019-01-30,2019-01-30,,"Tom Hiddleston","The Avengers","February 9, 1981"
133,nm0362766,2019-01-30,2019-01-30,,"Tom Hardy","Inception","September 15, 1977"
134,nm1946193,2019-01-30,2019-01-30,,"Jamie Dornan","Belfast","May 1, 1982"
135,nm0252961,2019-01-30,2019-01-30,,"Idris Elba","Beasts of No Nation","September 6, 1972"
136,nm0002536,2019-01-30,2019-01-30,,"Emmy Rossum","The Phantom of the Opera","September 12, 1986"
137,nm3849842,2019-01-30,2019-01-30,,"Sophie Turner","Game of Thrones","February 21, 1996"
138,nm1002641,2019-01-30,2019-01-30,,"Dominic Cooper","The Devil's Double","June 2, 1978"
139,nm0339460,2019-01-30,2019-01-30,,"Judy Greer","13 Going on 30","July 20, 1975"
140,nm1601397,2019-01-30,2019-01-30,,"Olivia Munn","The Newsroom","July 3, 1980"
141,nm0000131,2019-01-30,2019-01-30,"Used be A-list in the 90's","John Cusack","Grosse Pointe Blank","June 28, 1966"
142,nm1423955,2019-01-30,2019-01-30,,"Lucy Hale","Truth or Dare","June 14, 1989"
143,nm0680983,2019-01-30,2019-01-30,,"Elliot Page","Juno","February 21, 1987"
144,nm2780578,2019-01-30,2019-01-30,,"Yara Shahidi","Salt","February 10, 2000"
145,nm1269983,2019-01-30,2019-01-30,,"Krysten Ritter","Jessica Jones","December 16"
146,nm1325419,2019-01-30,2019-01-30,,"Kristen Wiig","Bridesmaids","August 22, 1973"
147,nm2215143,2019-01-30,2019-01-30,,"Kiernan Shipka","Carriers","November 10, 1999"
148,nm0068260,2019-01-30,2019-01-30,,"Jamie Bell","Billy Elliot","March 14, 1986"
149,nm1176985,2019-01-30,2019-01-30,,"Dave Bautista","Guardians of the Galaxy","January 18, 1969"
150,nm0199215,2019-01-30,2019-01-30,,"Hugh Dancy","Hannibal","June 19, 1975"
151,nm0925220,2019-01-30,2019-01-30,,"Michael Jai White","Black Dynamite","November 10, 1967"
152,nm0704270,2019-01-30,2019-01-30,,"Zachary Quinto","Star Trek","June 2, 1977"
153,nm0000171,2019-01-31,2019-01-31,,"Ashley Judd","Double Jeopardy","April 19, 1968"
154,nm1526352,2019-01-31,2019-01-31,,"Jaimie Alexander","Thor","March 12, 1984"
155,nm0267812,2019-01-31,2019-01-31,,"Vera Farmiga","Up in the Air","August 6, 1973"
156,nm0940362,2019-01-31,2019-01-31,,"Shailene Woodley","Divergent","November 15, 1991"
157,nm0000176,2019-01-31,2019-01-31,,"Nastassja Kinski","Tess","January 24, 1961"
158,nm0388382,2019-01-31,2019-01-31,,"Tyler Hoechlin","Road to Perdition","September 11, 1987"
159,nm1985859,2019-01-31,2019-01-31,,"Mia Wasikowska","Alice in Wonderland","October 25, 1989"
160,nm1263939,2019-01-31,2019-01-31,,"Danielle Panabaker","The Flash","September 19"
161,nm2017943,2019-01-31,2019-01-31,,"Hayley Atwell","Captain America: The First Avenger","April 5, 1982"
162,nm1093951,2019-01-31,2019-01-31,,"Aaron Taylor-Johnson","Nocturnal Animals","June 13, 1990"
163,nm1024677,2019-01-31,2019-01-31,,"John Krasinski","Jack Ryan","October 20, 1979"
164,nm1388927,2019-01-31,2019-01-31,,"Miranda Cosgrove","Despicable Me 2","May 14, 1993"
165,nm0015196,2019-01-31,2019-01-31,,"Malin Akerman","Watchmen","May 12, 1978"
166,nm0000145,2019-01-31,2019-01-31,,"Sherilyn Fenn","Of Mice and Men","February 1, 1965"
167,nm1456970,2019-01-31,2019-01-31,,"Isabel Lucas","Transformers: Revenge of the Fallen","January 29, 1985"
168,nm0200452,2019-01-31,2019-01-31,,"Paul Dano","There Will Be Blood","June 19, 1984"
169,nm1425528,2019-01-31,2019-01-31,,"Aly Michalka","Easy A","March 25, 1989"
170,nm1591496,2019-01-31,2019-01-31,,"Mike Colter","Luke Cage","August 26, 1976"
171,nm0502425,2019-01-31,2019-01-31,,"Melissa Leo","The Fighter","September 14, 1960"
172,nm0913587,2019-02-01,2019-02-01,,"Paul Wesley","Star Trek: Strange New Worlds","July 23"
173,nm0005024,2019-02-01,2019-02-01,,"Terrence Howard","Hustle & Flow","March 11, 1969"
174,nm0607185,2019-02-01,2019-02-01,,"Jennifer Morrison","House M.D.","April 12"
175,nm0000501,2019-02-01,2019-02-01,,"Ray Liotta","GoodFellas","December 18, 1954"
176,nm0001785,2019-02-01,2019-02-01,,"Kristy Swanson","Buffy the Vampire Slayer","December 19, 1969"
177,nm0051509,2019-02-01,2019-02-01,,"Eric Bana","Dirty John","August 9, 1968"
178,nm0277213,2019-02-01,2019-02-01,,"Nathan Fillion","Castle","March 27, 1971"
179,nm0000369,2019-02-01,2019-02-01,,"Matt Dillon","There's Something About Mary","February 18, 1964"
180,nm2652716,2019-02-01,2019-02-01,,"Grant Gustin","The Flash","January 14, 1990"
181,nm3706952,2019-02-01,2019-02-01,,"Crystal Reed","Swamp Thing","February 6"
182,nm0722636,2019-02-01,2019-02-01,,"John Rhys-Davies","The Lord of the Rings: The Return of the King","May 5, 1944"
183,nm0000502,2019-02-01,2019-02-01,,"Christopher Lloyd","Back to the Future","October 22, 1938"
184,nm0000461,2019-02-01,2019-02-01,,"Michael Ironside","Starship Troopers","February 12, 1950"
185,nm0517820,2019-02-01,2019-02-01,,"Lindsay Lohan","The Parent Trap","July 2, 1986"
186,nm0000448,2019-02-01,2019-02-01,,"Lance Henriksen","Aliens","May 5, 1940"
187,nm0000387,2019-02-01,2019-02-01,,"Robert Englund","A Nightmare on Elm Street","June 6, 1947"
188,nm0000374,2019-02-01,2019-02-01,,"Brad Dourif","One Flew Over the Cuckoo's Nest","March 18, 1950"
189,nm0001604,2019-02-01,2019-02-01,,"Nia Peeples","Fame","December 10, 1961"
190,nm2605345,2019-02-01,2019-02-01,,"Gemma Arterton","Prince of Persia: The Sands of Time","February 2, 1986"
191,nm0000449,2019-02-05,2019-02-05,,"Natasha Henstridge","Species","August 15, 1974"
192,nm0322407,2019-02-05,2019-02-05,,"Brendan Gleeson","Calvary","March 29, 1955"
193,nm0000610,2019-02-05,2019-02-05,,"Giovanni Ribisi","Boiler Room","December 17, 1974"
194,nm0000401,2019-02-05,2019-02-05,,"Laurence Fishburne","The Matrix","July 30, 1961"
195,nm0479471,2019-02-05,2019-02-05,,"Shia LaBeouf","Honey Boy","June 11"
196,nm2765384,2019-02-05,2019-02-05,,"Candice Patton","The Flash","June 24, 1985"
197,nm0206257,2019-02-05,2019-02-05,,"Rosario Dawson","Rent","May 9, 1979"
198,nm0000427,2019-02-05,2019-02-05,,"Pam Grier","Jackie Brown","May 26, 1949"
199,nm0000495,2020-07-25,2020-07-25,,"Téa Leoni","The Family Man","February 25, 1966"
200,nm0001751,2020-07-25,2020-07-25,,"Jimmy Smits","Star Wars: Episode III - Revenge of the Sith","July 9, 1955"
201,nm0000616,2020-07-25,2020-07-25,,"Eric Roberts","Runaway Train","April 18, 1956"
202,nm0001209,2020-07-25,2020-07-25,,"William Fichtner","Crash","November 27, 1956"
203,nm0005502,2020-07-25,2020-07-25,,"Michelle Trachtenberg","Buffy the Vampire Slayer","October 11, 1985"
204,nm0000225,2020-07-25,2020-07-25,,"Christian Slater","Very Bad Things","August 18, 1969"
205,nm0429363,2020-07-25,2020-07-25,,"Toby Jones","Tinker Tailor Soldier Spy","September 7, 1966"
206,nm0126284,2020-07-25,2020-07-25,,"Rose Byrne","Spy","July 24, 1979"
207,nm2239702,2020-07-25,2020-07-25,,"Katherine Waterston","Inherent Vice","March 3, 1980"
208,nm0046112,2020-07-25,2020-07-25,,"Penn Badgley","You","November 1, 1986"
209,nm0933940,2020-09-04,2020-09-04,,"Patrick Wilson","The Phantom of the Opera","July 3, 1973"
210,nm1854386,2020-09-04,2020-09-04,,"Stephen Amell","Arrow","May 8, 1981"
211,nm2560043,2020-09-04,2020-09-04,,"Adelaide Kane","The Purge","August 9, 1990"
212,nm2645189,2020-09-04,2020-09-04,,"Shelley Hennig","Unfriended","January 2, 1987"
213,nm1555699,2020-09-04,2020-09-04,,"Holland Roden","Teen Wolf","October 7, 1986"
214,nm2913275,2020-09-04,2020-09-04,,"Debby Ryan","Insatiable","May 13, 1993"
215,nm1745736,2020-09-04,2020-09-04,,"Paula Patton","Precious","December 5, 1975"
216,nm0240381,2020-09-04,2020-09-04,,"Hilary Duff","A Cinderella Story","September 28, 1987"
217,nm0000563,2020-09-04,2020-09-04,,"Chris O'Donnell","Batman & Robin","June 26, 1970"
218,nm0813812,2020-09-04,2020-09-04,,"Ian Somerhalder","The Vampire Diaries","December 8, 1978"
219,nm0000117,2020-09-04,2020-09-04,,"Neve Campbell","Scream","October 3, 1973"
220,nm0000144,2020-09-04,2020-09-04,,"Cary Elwes","Saw","October 26, 1962"
221,nm0115161,2020-09-04,2020-09-04,,"Emily Browning","A Series of Unfortunate Events","December 7, 1988"
222,nm1072555,2020-09-04,2020-09-04,,"Morena Baccarin","Deadpool","June 2, 1979"
223,nm0358316,2020-09-08,2020-09-08,,"Jon Hamm","Mad Men","March 10, 1971"
224,nm0893257,2020-09-08,2020-09-08,,"Milo Ventimiglia","Heroes","July 8, 1977"
225,nm0584951,2020-09-08,2020-09-08,,"Lea Michele","Glee","August 29, 1986"
226,nm0342488,2020-09-08,2020-09-08,,"Rupert Grint","Harry Potter and the Philosopher's Stone","August 24, 1988"
227,nm0000529,2020-09-08,2020-09-08,,"Debi Mazar","Empire Records","August 13, 1964"
228,nm0000579,2020-09-08,2020-09-08,,"Ron Perlman","Hand of God","April 13, 1950"
229,nm0001439,2020-09-08,2020-09-08,,"Anthony LaPaglia","Without a Trace","January 31, 1959"
230,nm0001427,2020-09-08,2020-09-08,,"Greg Kinnear","As Good as It Gets","June 17, 1963"
231,nm0000554,2020-09-08,2020-09-08,,"Sam Neill","Jurassic Park","September 14, 1947"
232,nm0005148,2020-09-09,2020-09-09,,"Delroy Lindo","Get Shorty","November 18, 1952"
233,nm0005042,2020-09-09,2020-09-09,,"Jason Isaacs","Harry Potter and the Chamber of Secrets","June 6, 1963"
234,nm2812026,2020-09-09,2020-09-09,,"Nathalie Emmanuel","Fast & Furious 7","March 2, 1989"
235,nm0001573,2020-09-09,2020-09-09,,"Catherine O'Hara","A Mighty Wind","March 4, 1954"
236,nm0151419,2020-09-09,2020-09-09,,"Kyle Chandler","Argo","September 17, 1965"
237,nm0614165,2020-09-09,2020-09-09,,"Cillian Murphy","28 Days Later","May 25, 1976"
238,nm0000389,2020-09-09,2020-09-09,,"Emilio Estevez","The Way","May 12, 1962"
239,nm0001875,2020-09-10,2020-09-10,,"Anthony Zerbe","The Omega Man","May 20, 1936"
240,nm0001602,2020-09-10,2020-09-10,,"Guy Pearce","Memento","October 5, 1967"
241,nm0000409,2020-09-10,2020-09-10,,"Brendan Fraser","The Mummy","December 3, 1968"
242,nm1113550,2020-09-10,2020-09-10,,"Abigail Breslin","Little Miss Sunshine","April 14, 1996"
243,nm0788335,2020-09-10,2020-09-10,,"Michael Shannon","Take Shelter","August 7, 1974"
244,nm0000704,2020-09-10,2020-09-10,,"Elijah Wood","The Lord of the Rings: The Fellowship of the Ring","January 28, 1981"
245,nm0000276,2020-09-10,2020-09-10,,"Sean Astin","The Lord of the Rings: The Two Towers","February 25, 1971"
246,nm0935541,2020-09-10,2020-09-10,,"Mary Elizabeth Winstead","10 Cloverfield Lane","November 28, 1984"
247,nm1935086,2020-09-10,2020-09-10,,"Tessa Thompson","Creed","October 3, 1983"
248,nm0005110,2020-09-10,2020-09-10,,"Ashton Kutcher","That '70s Show","February 7, 1978"
249,nm0001073,2020-09-11,2020-09-11,,"Courteney Cox","Friends","June 15, 1964"
250,nm0000174,2020-09-11,2020-09-11,,"Val Kilmer","The Doors","December 31, 1959"
251,nm0001147,2020-09-11,2020-09-11,,"Shannen Doherty","Beverly Hills, 90210","April 12, 1971"
252,nm0663469,2020-09-11,2020-09-11,,"Lana Parrilla","Once Upon a Time","July 15, 1977"
253,nm2796047,2020-09-11,2020-09-11,,"Josh Dallas","Thor","December 18, 1978"
254,nm0005458,2020-09-11,2020-09-11,,"Jason Statham","Crank","July 26, 1967"
255,nm0000681,2020-09-11,2020-09-11,,"Vince Vaughn","The Break-Up","March 28, 1970"
256,nm0004898,2020-09-11,2020-09-11,,"Omar Epps","House M.D.","July 20, 1973"
257,nm0001834,2020-09-15,2020-09-15,,"Damon Wayans","My Wife and Kids","September 4, 1960"
258,nm0000284,2020-09-15,2020-09-15,,"Adam Baldwin","Serenity","February 27, 1962"
259,nm0000439,2020-09-15,2020-09-15,,"Neil Patrick Harris","A Series of Unfortunate Events","June 15, 1973"
260,nm0268199,2020-09-15,2020-09-15,,"Colin Farrell","The Lobster","May 31, 1976"
261,nm0829576,2020-09-15,2020-09-15,,"Kristen Stewart","The Twilight Saga: Eclipse","April 9, 1990"
262,nm0000552,2020-09-15,2020-09-15,,"Eddie Murphy","Harlem Nights","April 3, 1961"
263,nm0000232,2020-09-15,2020-09-15,"Used be A-list","Sharon Stone","Basic Instinct","March 10, 1958"
264,nm4855517,2022-08-17,2022-08-17,,"Simu Liu","Shang-Chi and the Legend of the Ten Rings","April 19, 1989"
265,nm4399227,2022-08-17,2022-08-17,,"Ali Wong","Ali Wong: Baby Cobra","April 19, 1982"
266,nm0628601,2022-08-17,2022-08-17,,"Thandiwe Newton","Crash","November 6, 1972"
267,nm0000706,2022-08-17,2022-08-17,,"Michelle Yeoh","Everything Everywhere All at Once","August 6, 1962"
268,nm6525901,2022-08-17,2022-08-17,,"Henry Golding","Crazy Rich Asians","February 5, 1987"
269,nm3929887,2022-08-17,2022-08-17,,"Lili Reinhart","Riverdale","September 13, 1996"
270,nm5584750,2022-08-17,2022-08-17,,"Sadie Sink","Stranger Things","April 16, 2002"
271,nm6216001,2022-08-17,2022-08-17,,"KJ Apa","Riverdale","June 17, 1997"
272,nm0324658,2023-03-14,2023-03-14,,"Walton Goggins","Justified","November 10, 1971"
273,nm0175916,2023-03-14,2023-03-14,,"Paddy Considine","Dead Man's Shoes","September 5, 1973"
274,nm0574534,2023-03-14,2023-03-14,,"Ian McShane","Deadwood","September 29, 1942"
275,nm0000619,2023-03-14,2023-03-14,,"Tim Roth","Rob Roy","May 14, 1961"
276,nm0001803,2023-03-14,2023-03-14,,"Danny Trejo","Machete","May 16, 1944"
277,nm0202966,2023-03-14,2023-03-14,,"Keith David","The Princess and the Frog","June 4, 1956"
278,nm0000667,2023-03-14,2023-03-14,,"David Thewlis","Naked","March 20, 1963"
279,nm0648249,2023-03-14,2023-03-14,,"Timothy Olyphant","Justified","May 20, 1968"
280,nm0001705,2023-03-14,2023-03-14,,"Rob Schneider","Deuce Bigalow: Male Gigolo","October 31, 1963"
281,nm0393222,2023-03-14,2023-03-14,,"James Hong","Everything Everywhere All at Once","February 22, 1929"
282,nm0578853,2023-03-15,2023-03-15,,"Ben Mendelsohn","Rogue One","April 3, 1969"
283,nm0376716,2023-03-15,2023-03-15,,"Christina Hendricks","Ginger & Rosa","May 3, 1975"
284,nm0005128,2023-03-15,2023-03-15,,"Lucy Lawless","Xena: Warrior Princess","March 29, 1968"
285,nm0004770,2023-03-15,2023-03-15,,"David Boreanaz","Angel","May 16, 1969"
286,nm0551346,2023-03-15,2023-03-15,,"James Marsters","Buffy the Vampire Slayer","August 20, 1962"
287,nm0540441,2023-03-15,2023-03-15,,"Jena Malone","The Neon Demon","November 21, 1984"
288,nm0000652,2023-03-15,2023-03-15,,"James Spader","The Blacklist","February 7, 1960"
289,nm0001745,2023-03-15,2023-03-15,,"Stellan Skarsgård","Good Will Hunting","June 13"
290,nm0001015,2023-03-15,2023-03-15,,"Robert Carlyle","The Full Monty","April 14, 1961"
291,nm0001185,2023-03-15,2023-03-15,,"Hector Elizondo","Pretty Woman","December 22, 1936"
292,nm0005450,2023-03-15,2023-03-15,,"David Spade","Joe Dirt","July 22, 1964"
293,nm0740264,2023-03-15,2023-03-15,,"Michael Rooker","Guardians of the Galaxy","April 6, 1955"
294,nm0006969,2023-03-15,2023-03-15,,"Elizabeth Banks","The Hunger Games","February 10, 1974"
295,nm1813221,2023-07-07,2023-07-07,,"Gugu Mbatha-Raw","Belle","April 21, 1983"
296,nm0001062,2023-07-07,2023-07-07,,"Jeffrey Combs","The Frighteners","September 9, 1954"
297,nm0004912,2023-07-07,2023-07-07,,"Oded Fehr","House of David","November 23, 1970"
298,nm2074546,2023-07-07,2023-07-07,,"Regé-Jean Page","Roots","January 24"
299,nm3772243,2023-07-07,2023-07-07,,"Theo James","Divergent","December 16, 1984"
300,nm0810619,2023-07-07,2023-07-07,,"Jurnee Smollett","The Order","October 1"
301,nm0001593,2023-07-07,2023-07-07,,"Anna Paquin","The Piano","July 24, 1982"
302,nm0005541,2023-07-07,2023-07-07,,"Marlon Wayans","White Chicks","July 23, 1972"
303,nm5939164,2023-07-07,2023-07-07,,"Zazie Beetz","Atlanta","June 1, 1991"
304,nm0996669,2023-07-07,2023-07-07,,"Common","John Wick: Chapter 2","March 13, 1972"
305,nm0005221,2023-07-11,2023-07-11,,"Christopher Meloni","Man of Steel","April 2, 1961"
306,nm0000207,2023-07-11,2023-07-11,,"Christina Ricci","Buffalo '66","February 12, 1980"
307,nm0920992,2023-07-11,2023-07-11,,"David Wenham","The Lord of the Rings: The Return of the King","September 21, 1965"
308,nm4004793,2023-07-11,2023-07-11,,"Letitia Wright","Black Panther","October 31, 1993"
309,nm0000236,2023-07-11,2023-07-11,,"Jennifer Tilly","Bound","September 16, 1958"
310,nm2255973,2023-07-11,2023-07-11,,"Donald Glover","Community","September 25, 1983"
311,nm1070597,2023-07-11,2023-07-11,,"The Weeknd","The Idol","February 16, 1990"
312,nm0582149,2023-07-11,2023-07-11,,"Chris Messina","Argo","August 11, 1974"
313,nm0000239,2023-07-11,2023-07-11,,"Liv Tyler","Armageddon","July 1, 1977"
314,nm0396558,2023-07-12,2023-07-12,,"Nicholas Hoult","About a Boy","December 7, 1989"
315,nm1289434,2023-07-12,2023-07-12,,"Emily Blunt","Edge of Tomorrow","February 23, 1983"
316,nm0757855,2023-07-12,2023-07-12,,"Zoe Saldaña","Avatar","June 19, 1978"
317,nm0000117,2023-07-12,2023-07-12,,"Neve Campbell","Scream","October 3, 1973"
318,nm0000760,2023-07-12,2023-07-12,,"Richard Dean Anderson","Stargate SG-1","January 23, 1950"
319,nm0025309,2023-07-12,2023-07-12,,"John Amos","Coming to America","December 27, 1939"
320,nm0000327,2023-07-12,2023-07-12,,"Lacey Chabert","Mean Girls","September 30, 1982"
321,nm0705356,2023-07-12,2023-07-12,,"Daniel Radcliffe","Harry Potter and the Order of the Phoenix","July 23, 1989"
322,nm0597388,2023-07-13,2023-07-13,,"Jason Momoa","Aquaman","August 1, 1979"
323,nm1157048,2023-07-13,2023-07-13,,"Zachary Levi","Shazam!","September 29, 1980"
324,nm0079273,2023-07-13,2023-07-13,,"Paul Bettany","WandaVision","May 27, 1971"
325,nm0001617,2023-07-13,2023-07-13,,"Lou Diamond Phillips","Courage Under Fire","February 17, 1962"
326,nm0000530,2023-07-13,2023-07-13,,"Andrew McCarthy","Orange Is the New Black","November 29, 1962"
327,nm0004517,2023-07-13,2023-07-13,,"Jason Alexander","Seinfeld","September 23, 1959"
328,nm0001664,2023-07-13,2023-07-13,,"James Remar","Sex and the City: A Farewell","December 31, 1953"
329,nm1130627,2023-07-13,2023-07-13,,"Cobie Smulders","The Avengers","April 3, 1982"
330,nm1360270,2023-07-13,2023-07-13,,"Ben McKenzie","Gotham","September 12, 1978"
331,nm5611121,2023-07-13,2023-07-13,,"Millie Bobby Brown","Enola Holmes","February 19, 2004"
332,nm0911320,2023-07-13,2023-07-13,,"Patrick Warburton","The Emperor's New Groove","November 14, 1964"
333,nm0491402,2023-07-13,2023-07-13,,"Hugh Laurie","House M.D.","June 11, 1959"
334,nm0050959,2023-07-13,2023-07-13,,"Pedro Pascal","The Last of Us","April 2, 1975"
335,nm4911194,2023-07-13,2023-07-13,,"Jenna Ortega","Wednesday","September 27, 2002"
336,nm0568180,2023-07-20,2023-07-20,,"Neal McDonough","Minority Report","February 13, 1966"
337,nm0000096,2023-07-20,2023-07-20,,"Gillian Anderson","The X Files","August 9, 1968"
338,nm0005380,2023-07-20,2023-07-20,,"Ray Romano","Everybody Loves Raymond","December 21, 1957"
339,nm0350079,2023-07-20,2023-07-20,,"Luis Guzmán","Punch-Drunk Love","August 28, 1956"
340,nm0001592,2023-07-20,2023-07-20,,"Joe Pantoliano","Memento","September 12, 1951"
341,nm2309517,2023-07-20,2023-07-20,,"Armie Hammer","Call Me by Your Name","August 28, 1986"
342,nm0938950,2023-07-20,2023-07-20,,"Benedict Wong","Annihilation","February 20, 1970"
343,nm0005112,2023-08-30,2023-08-30,,"LL Cool J","Deep Blue Sea","January 14, 1968"
344,nm0000461,2023-08-30,2023-08-30,,"Michael Ironside","Starship Troopers","February 12, 1950"
345,nm0001074,2023-08-30,2023-08-30,,"Ronny Cox","Total Recall","July 23, 1938"
346,nm0015382,2023-08-30,2023-08-30,,"Adewale Akinnuoye-Agbaje","Farming","August 22, 1967"
347,nm0005221,2023-08-30,2023-08-30,,"Christopher Meloni","Man of Steel","April 2, 1961"
348,nm0000209,2023-08-30,2023-08-30,,"Tim Robbins","Mystic River","October 16, 1958"
349,nm6578009,2023-08-30,2023-08-30,,"O'Shea Jackson Jr.","Straight Outta Compton","February 24, 1991"
350,nm0004820,2023-08-30,2023-08-30,,"Morris Chestnut","Kick-Ass 2","January 1, 1969"
351,nm0000459,2024-02-09,2024-02-09,,"Timothy Hutton","Ordinary People","August 16, 1960"
352,nm0155693,2024-02-09,2024-02-09,,"Kristin Chenoweth","Pushing Daisies","July 24, 1968"
353,nm0089217,2024-02-09,2024-02-09,,"Orlando Bloom","The Lord of the Rings: The Fellowship of the Ring","January 13, 1977"
354,nm0085312,2024-02-09,2024-02-09,,"Jack Black","School of Rock","August 28, 1969"
355,nm4874651,2024-02-09,2024-02-09,,"Dove Cameron","Schmigadoon!","January 15, 1996"
356,nm0515116,2024-02-09,2024-02-09,,"Blake Lively","Gossip Girl","August 25, 1987"
357,nm0397171,2024-02-09,2024-02-09,,"Bryce Dallas Howard","Jurassic World: Dominion","March 2, 1981"
358,nm1374980,2024-02-09,2024-02-09,,"Zac Efron","17 Again","October 18, 1987"
359,nm0005226,2024-02-09,2024-02-09,,"Debra Messing","Will & Grace","August 15, 1968"
360,nm3592338,2024-02-09,2024-02-09,,"Emilia Clarke","Game of Thrones","October 23, 1986"
361,nm0000506,2024-02-09,2024-02-09,,"Julia Louis-Dreyfus","Seinfeld","January 13, 1961"
362,nm0491402,2024-02-09,2024-02-09,,"Hugh Laurie","House M.D.","June 11, 1959"
363,nm0534635,2024-02-09,2024-02-09,,"Richard Madden","Game of Thrones","June 18, 1986"
364,nm1227814,2024-02-09,2024-02-09,,"Vanessa Hudgens","High School Musical 3: Senior Year","December 14, 1988"
365,nm2255973,2024-02-09,2024-02-09,,"Donald Glover","Community","September 25, 1983"
366,nm1231899,2024-02-09,2024-02-09,,"Priyanka Chopra Jonas","Barfi!","July 18, 1982"
367,nm0447695,2024-02-09,2024-02-09,,"Anna Kendrick","Up in the Air","August 9, 1985"
368,nm0712368,2024-02-09,2024-02-09,,"Raven-Symoné","That's So Raven","December 10, 1985"
369,nm0860380,2024-02-09,2024-02-09,,"Kenan Thompson","Saturday Night Live","May 10, 1978"
370,nm0925966,2024-02-09,2024-02-09,,"Bradley Whitford","Get Out","October 10, 1959"
371,nm0642145,2024-02-09,2024-02-09,,"Ed O'Neill","Married with Children","April 12, 1946"
372,nm0000514,2024-02-09,2024-02-09,,"Michael Madsen","The Hateful Eight","September 25, 1957"
373,nm7140802,2024-02-09,2024-02-09,,"Gaten Matarazzo","Stranger Things","September 8, 2002"
374,nm0785227,2024-02-09,2024-02-09,,"Andy Serkis","War for the Planet of the Apes","April 20, 1964"
375,nm0001116,2024-02-09,2024-02-09,,"Warwick Davis","Willow","February 3, 1970"
376,nm0597480,2024-02-09,2024-02-09,,"Dominic Monaghan","The Lord of the Rings: The Fellowship of the Ring","December 8, 1976"
