<?xml version="1.0" encoding="utf-8"?>
<!DOCTYPE article PUBLIC "-//NLM//DTD JATS (Z39.96) Journal Archiving
and Interchange DTD v1.2 20190208//EN" "JATS-archivearticle1.dtd">
<article xmlns:mml="http://www.w3.org/1998/Math/MathML" xmlns:xlink="http://www.w3.org/1999/xlink" dtd-version="1.2" article-type="other">
  <front>
    <journal-meta>
      <journal-id/>
      <journal-title-group>
        <journal-title>Film Data Science</journal-title>
      </journal-title-group>
      <issn/>
      <publisher>
        <publisher-name/>
      </publisher>
    </journal-meta>
    <article-meta>
      <title-group>
        <article-title>Leading Ladies and Lost Revenue: A Causal Analysis of
Female Representation and Box-Office Returns</article-title>
      </title-group>
      <contrib-group>
        <contrib contrib-type="author" corresp="yes">
          <name>
            <surname>Healy</surname>
            <given-names>Lizzie</given-names>
          </name>
          <string-name>Lizzie Healy</string-name>
          <email>emh201@georgetown.com</email>
          <role>Project Designer</role>
          <role>Data Collector</role>
          <role>Methodologist</role>
          <role>Analyst</role>
          <role vocab="https://credit.niso.org" vocab-term="visualization" vocab-term-identifier="https://credit.niso.org/contributor-roles/visualization/">Visualization</role>
          <xref ref-type="aff" rid="aff-1">a</xref>
          <xref ref-type="corresp" rid="cor-1">*</xref>
        </contrib>
      </contrib-group>
      <aff id="aff-1">
        <institution-wrap>
          <institution>Georgetown University</institution>
        </institution-wrap>
      </aff>
      <author-notes>
        <corresp id="cor-1">emh201@georgetown.com</corresp>
      </author-notes>
      <pub-date date-type="pub" publication-format="electronic" iso-8601-date="2025-08-01">
        <year>2025</year>
        <month>8</month>
        <day>1</day>
      </pub-date>
      <history/>
      <abstract>
        <p>This work will investigate the impact of gender bias in the film
industry pertaining to economic outcomes. Specifically, it will
establish a causal link between a film casting a female actress in the
leading role and the resulting box-office revenue. This will be
accomplished utilizing propensity weighting, which will match movies
based on the perceived similarity of their characteristics. These
predictor variables will include the year, season of release, genre,
runtime, director and writers, star power level of the cast, MPAA
rating, IMDb Metascore, IMDb Votes, number of awards won, country of
release, language, film description, the production budget, the aspect
ratio, the color, the countries of origin, filming locations, production
companies, and tagline. To deal with the variables that are non-numeric
the following steps will be taken. Firstly, a network analysis will be
performed on the cast to produce a measure of centrality of the
actors/actresses. Secondly, a sentiment analysis will be performed on
the film description and tagline. The primary outcome variable will be
the box-office number measured in US dollars, measured as the gross
value worldwide. The IMDb score will be employed as an additional
outcome measure to be used as a robustness check. A secondary robustness
check may be employed in which the primary variable of interest will be
whether the film passes the Bechdel test, indicating true female
representation in the film. The initial hypothesis is that films that
opt to feature a female in the leading role will experience a decrease
value in the box office revenue.</p>
      </abstract>
      <kwd-group kwd-group-type="author">
        <kwd>Films</kwd>
        <kwd>Gender Equality</kwd>
        <kwd>Economics</kwd>
      </kwd-group>
    </article-meta>
  </front>
  <body>
    <sec id="introduction">
      <title>1 Introduction</title>
      <sec id="causality">
        <title>1.1 Causality</title>
        <p>My previous paper:
    <ext-link ext-link-type="uri" xlink:href="./assets/thesis.pdf">Behind
    the Box Office: Directorial Influence on Film Revenue in the United
    States Entertainment Industry</ext-link> attempted to analyze the
    link between director quality and box-office success of a film. The
    paper created two novel measures of director quality; a summation of
    all box-office revenue earned by and the director’s films and the
    accumulated number of critical awards from the fifteen years leading
    up to the film in question. The main dependent variable was domestic
    box-office revenue and a robustness check was implemented changing
    the dependent variable to the IMDb rating earned.</p>
        <p>
          <inline-graphic mimetype="image" mime-subtype="png" xlink:href="./assets/thesis_table1.png"/>
          <inline-graphic mimetype="image" mime-subtype="png" xlink:href="./assets/thesis_table2.png"/>
        </p>
        <p>The paper found an increase in director financial quality yielded
    between a 0.0289% and 0.0307% increas in domestic gross and no
    impact on IMDb rating. Conversely, director quality in terms of
    critical acclaim yielded no significant impact on domestic gross,
    but betweeen 0.01803 and 0.0270 point increase in IMDb rating. The
    paper also discovered a statistically significant decrease in
    domestic gross for demale directors as compared to male
    directors.</p>
        <p>Overall, the results were thought-provoking, however, the
    methodology used was lacking in the causality department. This
    paper, if anything, worked towards establishing a weak association
    due to it statical analysis going only so far as a simple
    ordinary-least-squares regression and controlling for confounding
    variables. While, the variables were considered and included in the
    regression equation, they were all treated equally as controls, thus
    a more complex analysis is warranted.</p>
        <p>Furthermore, I wanted to investigate the conclusion of gender
    bias further and shifted this analysis to examine actors instead of
    directors.</p>
        <p>Moving forward, the work to get to causality includes introducing
    causality instead of just controlling for all covariates.</p>
        <p>Thus, this paper will investigate the impact of gender bias in
    the film industry pertaining to economic outcomes. Specifically, it
    will attempt to establish a causal link between a film casting a
    female actress in the leading role and the resulting box-office
    revenue by employing propensity score matching.</p>
        <p>Need to argue that there is sufficient common support between the
    treatment and control groups in a dataset in order to use propensity
    scores.</p>
        <p>Data collection and preparation is discussed in
    <xref alt="Section 2" rid="sec-data">Section 2</xref>.</p>
        <p>Methodology and propensity scoring is discussed in
    <xref alt="Section 3" rid="sec-meth">Section 3</xref></p>
        <p>Results and anlysis are disucssed in
    <xref alt="Section 4" rid="sec-results">Section 4</xref></p>
        <p>Conluding remarks, limitations, and future work are discussed in
    <xref alt="Section 5" rid="sec-conclusion">Section 5</xref></p>
      </sec>
    </sec>
    <sec id="sec-data">
      <title>2 Data</title>
      <p>Data was collected from IMDb utilizing two separate APIs: OMDB and
  TMDB.</p>
      <p>https://www.omdbapi.com/
  https://www.themoviedb.org/</p>
      <p>The datasets were merged on the movie title</p>
      <p>Cleaning:</p>
      <list list-type="bullet">
        <list-item>
          <p>dropped unimportant columns
      </p>
        </list-item>
        <list-item>
          <p>dropped missing values and zeros
      </p>
        </list-item>
        <list-item>
          <p>converted to correct data types
      </p>
        </list-item>
        <list-item>
          <p>one-hot encoded categorical variables
      </p>
        </list-item>
        <list-item>
          <p>Big Production Company Variable
      </p>
        </list-item>
        <list-item>
          <p>Top 25 Director
      </p>
        </list-item>
        <list-item>
          <p>Top 20 Writer
      </p>
        </list-item>
        <list-item>
          <p>English/Other Language
      </p>
        </list-item>
        <list-item>
          <p>Domestic/International</p>
        </list-item>
      </list>
      <p>2,816 movies</p>
      <p>61 columns</p>
      <p>Variables:</p>
      <list list-type="bullet">
        <list-item>
          <p>year
      </p>
        </list-item>
        <list-item>
          <p>runtime
      </p>
        </list-item>
        <list-item>
          <p>budget
      </p>
        </list-item>
        <list-item>
          <p>Month of release
      </p>
        </list-item>
        <list-item>
          <p>Day of Release**
      </p>
        </list-item>
        <list-item>
          <p>Genre (Action, Adventure, Animation, Biography, Comedy, Crime,
      Documentary, Drama, Family, Fantasy, Film Noir, History, Horror,
      Music, Mystery, Romance, Sci-Fi, Sport, Thriller, War, Western w/
      Musical excluded)
      </p>
        </list-item>
        <list-item>
          <p>MPAA Rating (G, GP, M, M/PG, NC-17, Not-Rated, PG, PG-13, R,
      TV-MA, Unrated w/ Accepted excluded)
      </p>
        </list-item>
        <list-item>
          <p>Top Production Company
      </p>
        </list-item>
        <list-item>
          <p>Top Director
      </p>
        </list-item>
        <list-item>
          <p>Top Writer
      </p>
        </list-item>
        <list-item>
          <p>Domestic (w/ International excluded)
      </p>
        </list-item>
        <list-item>
          <p>English Language (w/ Other excluded)
      </p>
        </list-item>
        <list-item>
          <p>Sentiment of Description
      </p>
        </list-item>
        <list-item>
          <p>Sentiment of Tagline
      </p>
        </list-item>
        <list-item>
          <p>Starpower Metric</p>
        </list-item>
      </list>
      <p>outcomes:</p>
      <list list-type="bullet">
        <list-item>
          <p>box office
      </p>
        </list-item>
        <list-item>
          <p>imdb rating</p>
        </list-item>
      </list>
      <p>Add in some descriptive statistics of the dataset.</p>
      <fig id="tbl-history">
        <caption>
          <p>Table 1: Male versus Female Director</p>
        </caption>
        <table-wrap>
          <table>
            <thead>
              <tr>
                <th>Name</th>
                <th>Year</th>
              </tr>
            </thead>
            <tbody>
              <tr>
                <td>Female Leads</td>
                <td>488</td>
              </tr>
              <tr>
                <td>Male Leads</td>
                <td>2328</td>
              </tr>
            </tbody>
          </table>
        </table-wrap>
      </fig>
      <p>
        <xref alt="Table 1" rid="tbl-history">Table 1</xref>
      </p>
    </sec>
    <sec id="sec-meth">
      <title>3 Methodology</title>
      <sec id="sentiment-analysis-of-tagline-and-description">
        <title>3.1 Sentiment Analysis of tagline and description</title>
        <p>BERT model for sentiment analysis
    created labels of 0/1 for tagline and movie description</p>
      </sec>
      <sec id="creation-of-the-starpower-variable">
        <title>3.2 Creation of the starpower variable</title>
        <p>Collected lists of A-list and B-list actors/actresses
    Added 2 points if one of the cast members was A-list
    Added 1 point if one of the cast members was B-list
    Averaged by dividing score by 3 (number of cast members)</p>
        <table-wrap>
          <table>
            <colgroup>
              <col width="30%"/>
              <col width="29%"/>
              <col width="25%"/>
              <col width="16%"/>
            </colgroup>
            <thead>
              <tr>
                <th>actor1</th>
                <th>actor2</th>
                <th>actor3</th>
                <th>starpower</th>
              </tr>
            </thead>
            <tbody>
              <tr>
                <td>Mark Wahlberg</td>
                <td>Tyrese Gibson</td>
                <td>André 3000</td>
                <td>0.666667</td>
              </tr>
              <tr>
                <td>Jamie Bell</td>
                <td>Andy Serkis</td>
                <td>Daniel Craig</td>
                <td>1.333333</td>
              </tr>
              <tr>
                <td>Ryan Reynolds</td>
                <td>Blake Lively</td>
                <td>Peter Sarsgaard</td>
                <td>0.333333</td>
              </tr>
              <tr>
                <td>Marc Singer</td>
                <td>Tanya Roberts</td>
                <td>Rip Torn</td>
                <td>0.000000</td>
              </tr>
              <tr>
                <td>Tom Hiddleston</td>
                <td>Samuel L. Jackson</td>
                <td>Brie Larson</td>
                <td>1.000000</td>
              </tr>
              <tr>
                <td>Jeremy Renner</td>
                <td>Ed Helms</td>
                <td>Jake Johnson</td>
                <td>0.000000</td>
              </tr>
              <tr>
                <td>Frankie Muniz</td>
                <td>Amanda Bynes</td>
                <td>Paul Giamatti</td>
                <td>1.000000</td>
              </tr>
              <tr>
                <td>Ben Barnes</td>
                <td>Skandar Keynes</td>
                <td>Georgie Henley</td>
                <td>0.000000</td>
              </tr>
              <tr>
                <td>Jason Bateman</td>
                <td>Charlie Day</td>
                <td>Jason Sudeikis</td>
                <td>1.000000</td>
              </tr>
              <tr>
                <td>Jack Black</td>
                <td>Ana de la Reguera</td>
                <td>Héctor Jiménez</td>
                <td>0.333333</td>
              </tr>
            </tbody>
          </table>
        </table-wrap>
      </sec>
      <sec id="creation-of-the-variable-that-indicates-female-in-leading-role">
        <title>3.3 Creation of the variable that indicates female in leading
    role</title>
        <p>Collected list of all female actresses
    Took the first cast member named
    Merged and created female_lead variable
    1 = female lead</p>
        <table-wrap>
          <table>
            <thead>
              <tr>
                <th>Title</th>
                <th>First Actor</th>
                <th>Female Lead</th>
              </tr>
            </thead>
            <tbody>
              <tr>
                <td>The Family</td>
                <td>Robert De Niro</td>
                <td>0</td>
              </tr>
              <tr>
                <td>The Shack</td>
                <td>Sam Worthington</td>
                <td>0</td>
              </tr>
              <tr>
                <td>The Dead Zone</td>
                <td>Christopher Walken</td>
                <td>0</td>
              </tr>
              <tr>
                <td>The Ref</td>
                <td>Denis Leary</td>
                <td>0</td>
              </tr>
              <tr>
                <td>Flyboys</td>
                <td>James Franco</td>
                <td>0</td>
              </tr>
              <tr>
                <td>ATL</td>
                <td>Tip ‘T.I.’ Harris</td>
                <td>0</td>
              </tr>
              <tr>
                <td>Like a Boss</td>
                <td>Tiffany Haddish</td>
                <td>1</td>
              </tr>
              <tr>
                <td>Enemy Mine</td>
                <td>Dennis Quaid</td>
                <td>0</td>
              </tr>
              <tr>
                <td>Proud Mary</td>
                <td>Taraji P. Henson</td>
                <td>1</td>
              </tr>
              <tr>
                <td>Valmont</td>
                <td>Colin Firth</td>
                <td>0</td>
              </tr>
            </tbody>
          </table>
        </table-wrap>
      </sec>
      <sec id="propensity-score-matching">
        <title>3.4 Propensity score matching</title>
        <p>StandardScaler Propensity scores calculated</p>
      </sec>
      <sec id="robustness-checks">
        <title>3.5 Robustness Checks</title>
        <p>Implemented the IMDb score as the outcome variable as a
    robustness check
    Does a female in the lead role impact the critical success of the
    film?</p>
      </sec>
    </sec>
    <sec id="sec-results">
      <title>4 Results</title>
      <sec id="box-office-results">
        <title>4.1 Box Office Results</title>
        <p>Female-lead had higher box-office average</p>
      </sec>
      <sec id="imdb-rating-results">
        <title>4.2 IMDb Rating Results</title>
        <p>Female-lead had lower IMDb scores</p>
        <table-wrap>
          <table>
            <thead>
              <tr>
                <th>Gender of Lead Role</th>
                <th>Box Office</th>
                <th>IMDb Rating</th>
              </tr>
            </thead>
            <tbody>
              <tr>
                <td>Female</td>
                <td>62,708,871.36</td>
                <td>6.329</td>
              </tr>
              <tr>
                <td>Male</td>
                <td>61,076,707.45</td>
                <td>6.601</td>
              </tr>
            </tbody>
          </table>
        </table-wrap>
      </sec>
    </sec>
    <sec id="sec-conclusion">
      <title>5 Conclusion</title>
      <sec id="limitations">
        <title>5.1 Limitations:</title>
        <list list-type="order">
          <list-item>
            <p>More data</p>
          </list-item>
          <list-item>
            <p>Network Analysis</p>
          </list-item>
          <list-item>
            <p>Robustness Checks with Bechdel test</p>
          </list-item>
          <list-item>
            <p>Inacurracy from matching female leads &amp; first actor not
        always the lead</p>
          </list-item>
          <list-item>
            <p>Unbalanced Dataset (is this an issue?)</p>
          </list-item>
        </list>
      </sec>
    </sec>
    <sec id="references">
      <title>References</title>
    </sec>
  </body>
  <back>
</back>
  <sub-article article-type="notebook" id="nb-2-nb-article">
    <front-stub>
      <title-group>
        <article-title>Leading Ladies and Lost Revenue: A Causal Analysis of
Female Representation and Box-Office Returns</article-title>
      </title-group>
      <contrib-group>
        <contrib contrib-type="author" corresp="yes">
          <name>
            <surname>Healy</surname>
            <given-names>Lizzie</given-names>
          </name>
          <string-name>Lizzie Healy</string-name>
          <email>emh201@georgetown.com</email>
          <role>Project Designer</role>
          <role>Data Collector</role>
          <role>Methodologist</role>
          <role>Analyst</role>
          <role vocab="https://credit.niso.org" vocab-term="visualization" vocab-term-identifier="https://credit.niso.org/contributor-roles/visualization/">Visualization</role>
          <xref ref-type="aff" rid="aff-1-nb-article">a</xref>
          <xref ref-type="corresp" rid="cor-1-nb-article">*</xref>
        </contrib>
      </contrib-group>
      <aff id="aff-1-nb-article">
        <institution-wrap>
          <institution>Georgetown University</institution>
        </institution-wrap>
      </aff>
      <author-notes>
        <corresp id="cor-1-nb-article">emh201@georgetown.com</corresp>
      </author-notes>
      <abstract>
        <p>This work will investigate the impact of gender bias in the film
industry pertaining to economic outcomes. Specifically, it will
establish a causal link between a film casting a female actress in the
leading role and the resulting box-office revenue. This will be
accomplished utilizing propensity weighting, which will match movies
based on the perceived similarity of their characteristics. These
predictor variables will include the year, season of release, genre,
runtime, director and writers, star power level of the cast, MPAA
rating, IMDb Metascore, IMDb Votes, number of awards won, country of
release, language, film description, the production budget, the aspect
ratio, the color, the countries of origin, filming locations, production
companies, and tagline. To deal with the variables that are non-numeric
the following steps will be taken. Firstly, a network analysis will be
performed on the cast to produce a measure of centrality of the
actors/actresses. Secondly, a sentiment analysis will be performed on
the film description and tagline. The primary outcome variable will be
the box-office number measured in US dollars, measured as the gross
value worldwide. The IMDb score will be employed as an additional
outcome measure to be used as a robustness check. A secondary robustness
check may be employed in which the primary variable of interest will be
whether the film passes the Bechdel test, indicating true female
representation in the film. The initial hypothesis is that films that
opt to feature a female in the leading role will experience a decrease
value in the box office revenue.</p>
      </abstract>
    </front-stub>
    <body>
      <sec id="introduction-nb-article">
        <title>1 Introduction</title>
        <sec id="ea2fd0b9-nb-article" specific-use="notebook-content">
          <code language="python">import matplotlib.pyplot as plt
import numpy as np

#| label: fig-timeline
#| fig-cap: Visual of the 
#| fig-alt: An event plot of the years of the last 8 eruptions on La Palma.</code>
        </sec>
        <sec id="cell-7217060d-nb-article" specific-use="notebook-content">
          <sec id="causality-nb-article">
            <title>1.1 Causality</title>
            <p>My previous paper:
    <ext-link ext-link-type="uri" xlink:href="./assets/thesis.pdf">Behind
    the Box Office: Directorial Influence on Film Revenue in the United
    States Entertainment Industry</ext-link> attempted to analyze the
    link between director quality and box-office success of a film. The
    paper created two novel measures of director quality; a summation of
    all box-office revenue earned by and the director’s films and the
    accumulated number of critical awards from the fifteen years leading
    up to the film in question. The main dependent variable was domestic
    box-office revenue and a robustness check was implemented changing
    the dependent variable to the IMDb rating earned.</p>
            <p>
              <inline-graphic mimetype="image" mime-subtype="png" xlink:href="./assets/thesis_table1.png"/>
              <inline-graphic mimetype="image" mime-subtype="png" xlink:href="./assets/thesis_table2.png"/>
            </p>
            <p>The paper found an increase in director financial quality yielded
    between a 0.0289% and 0.0307% increas in domestic gross and no
    impact on IMDb rating. Conversely, director quality in terms of
    critical acclaim yielded no significant impact on domestic gross,
    but betweeen 0.01803 and 0.0270 point increase in IMDb rating. The
    paper also discovered a statistically significant decrease in
    domestic gross for demale directors as compared to male
    directors.</p>
            <p>Overall, the results were thought-provoking, however, the
    methodology used was lacking in the causality department. This
    paper, if anything, worked towards establishing a weak association
    due to it statical analysis going only so far as a simple
    ordinary-least-squares regression and controlling for confounding
    variables. While, the variables were considered and included in the
    regression equation, they were all treated equally as controls, thus
    a more complex analysis is warranted.</p>
            <p>Furthermore, I wanted to investigate the conclusion of gender
    bias further and shifted this analysis to examine actors instead of
    directors.</p>
            <p>Moving forward, the work to get to causality includes introducing
    causality instead of just controlling for all covariates.</p>
            <p>Thus, this paper will investigate the impact of gender bias in
    the film industry pertaining to economic outcomes. Specifically, it
    will attempt to establish a causal link between a film casting a
    female actress in the leading role and the resulting box-office
    revenue by employing propensity score matching.</p>
            <p>Need to argue that there is sufficient common support between the
    treatment and control groups in a dataset in order to use propensity
    scores.</p>
            <p>Data collection and preparation is discussed in
    <xref alt="Section 2" rid="sec-data-nb-article">Section 2</xref>.</p>
            <p>Methodology and propensity scoring is discussed in
    <xref alt="Section 3" rid="sec-meth-nb-article">Section 3</xref></p>
            <p>Results and anlysis are disucssed in
    <xref alt="Section 4" rid="sec-results-nb-article">Section 4</xref></p>
            <p>Conluding remarks, limitations, and future work are discussed in
    <xref alt="Section 5" rid="sec-conclusion-nb-article">Section 5</xref></p>
          </sec>
        </sec>
        <sec id="sec-data-nb-article">
          <title>2 Data</title>
          <p>Data was collected from IMDb utilizing two separate APIs: OMDB and
  TMDB.</p>
          <p>https://www.omdbapi.com/
  https://www.themoviedb.org/</p>
          <p>The datasets were merged on the movie title</p>
          <p>Cleaning:</p>
          <list list-type="bullet">
            <list-item>
              <p>dropped unimportant columns
      </p>
            </list-item>
            <list-item>
              <p>dropped missing values and zeros
      </p>
            </list-item>
            <list-item>
              <p>converted to correct data types
      </p>
            </list-item>
            <list-item>
              <p>one-hot encoded categorical variables
      </p>
            </list-item>
            <list-item>
              <p>Big Production Company Variable
      </p>
            </list-item>
            <list-item>
              <p>Top 25 Director
      </p>
            </list-item>
            <list-item>
              <p>Top 20 Writer
      </p>
            </list-item>
            <list-item>
              <p>English/Other Language
      </p>
            </list-item>
            <list-item>
              <p>Domestic/International</p>
            </list-item>
          </list>
          <p>2,816 movies</p>
          <p>61 columns</p>
          <p>Variables:</p>
          <list list-type="bullet">
            <list-item>
              <p>year
      </p>
            </list-item>
            <list-item>
              <p>runtime
      </p>
            </list-item>
            <list-item>
              <p>budget
      </p>
            </list-item>
            <list-item>
              <p>Month of release
      </p>
            </list-item>
            <list-item>
              <p>Day of Release**
      </p>
            </list-item>
            <list-item>
              <p>Genre (Action, Adventure, Animation, Biography, Comedy, Crime,
      Documentary, Drama, Family, Fantasy, Film Noir, History, Horror,
      Music, Mystery, Romance, Sci-Fi, Sport, Thriller, War, Western w/
      Musical excluded)
      </p>
            </list-item>
            <list-item>
              <p>MPAA Rating (G, GP, M, M/PG, NC-17, Not-Rated, PG, PG-13, R,
      TV-MA, Unrated w/ Accepted excluded)
      </p>
            </list-item>
            <list-item>
              <p>Top Production Company
      </p>
            </list-item>
            <list-item>
              <p>Top Director
      </p>
            </list-item>
            <list-item>
              <p>Top Writer
      </p>
            </list-item>
            <list-item>
              <p>Domestic (w/ International excluded)
      </p>
            </list-item>
            <list-item>
              <p>English Language (w/ Other excluded)
      </p>
            </list-item>
            <list-item>
              <p>Sentiment of Description
      </p>
            </list-item>
            <list-item>
              <p>Sentiment of Tagline
      </p>
            </list-item>
            <list-item>
              <p>Starpower Metric</p>
            </list-item>
          </list>
          <p>outcomes:</p>
          <list list-type="bullet">
            <list-item>
              <p>box office
      </p>
            </list-item>
            <list-item>
              <p>imdb rating</p>
            </list-item>
          </list>
          <p>Add in some descriptive statistics of the dataset.</p>
          <fig id="tbl-history-nb-article">
            <caption>
              <p>Table 1: Male versus Female Director</p>
            </caption>
            <table-wrap>
              <table>
                <thead>
                  <tr>
                    <th>Name</th>
                    <th>Year</th>
                  </tr>
                </thead>
                <tbody>
                  <tr>
                    <td>Female Leads</td>
                    <td>488</td>
                  </tr>
                  <tr>
                    <td>Male Leads</td>
                    <td>2328</td>
                  </tr>
                </tbody>
              </table>
            </table-wrap>
          </fig>
          <p>
            <xref alt="Table 1" rid="tbl-history-nb-article">Table 1</xref>
          </p>
        </sec>
        <sec id="sec-meth-nb-article">
          <title>3 Methodology</title>
          <sec id="sentiment-analysis-of-tagline-and-description-nb-article">
            <title>3.1 Sentiment Analysis of tagline and description</title>
            <p>BERT model for sentiment analysis
    created labels of 0/1 for tagline and movie description</p>
          </sec>
          <sec id="creation-of-the-starpower-variable-nb-article">
            <title>3.2 Creation of the starpower variable</title>
            <p>Collected lists of A-list and B-list actors/actresses
    Added 2 points if one of the cast members was A-list
    Added 1 point if one of the cast members was B-list
    Averaged by dividing score by 3 (number of cast members)</p>
            <table-wrap>
              <table>
                <colgroup>
                  <col width="30%"/>
                  <col width="29%"/>
                  <col width="25%"/>
                  <col width="16%"/>
                </colgroup>
                <thead>
                  <tr>
                    <th>actor1</th>
                    <th>actor2</th>
                    <th>actor3</th>
                    <th>starpower</th>
                  </tr>
                </thead>
                <tbody>
                  <tr>
                    <td>Mark Wahlberg</td>
                    <td>Tyrese Gibson</td>
                    <td>André 3000</td>
                    <td>0.666667</td>
                  </tr>
                  <tr>
                    <td>Jamie Bell</td>
                    <td>Andy Serkis</td>
                    <td>Daniel Craig</td>
                    <td>1.333333</td>
                  </tr>
                  <tr>
                    <td>Ryan Reynolds</td>
                    <td>Blake Lively</td>
                    <td>Peter Sarsgaard</td>
                    <td>0.333333</td>
                  </tr>
                  <tr>
                    <td>Marc Singer</td>
                    <td>Tanya Roberts</td>
                    <td>Rip Torn</td>
                    <td>0.000000</td>
                  </tr>
                  <tr>
                    <td>Tom Hiddleston</td>
                    <td>Samuel L. Jackson</td>
                    <td>Brie Larson</td>
                    <td>1.000000</td>
                  </tr>
                  <tr>
                    <td>Jeremy Renner</td>
                    <td>Ed Helms</td>
                    <td>Jake Johnson</td>
                    <td>0.000000</td>
                  </tr>
                  <tr>
                    <td>Frankie Muniz</td>
                    <td>Amanda Bynes</td>
                    <td>Paul Giamatti</td>
                    <td>1.000000</td>
                  </tr>
                  <tr>
                    <td>Ben Barnes</td>
                    <td>Skandar Keynes</td>
                    <td>Georgie Henley</td>
                    <td>0.000000</td>
                  </tr>
                  <tr>
                    <td>Jason Bateman</td>
                    <td>Charlie Day</td>
                    <td>Jason Sudeikis</td>
                    <td>1.000000</td>
                  </tr>
                  <tr>
                    <td>Jack Black</td>
                    <td>Ana de la Reguera</td>
                    <td>Héctor Jiménez</td>
                    <td>0.333333</td>
                  </tr>
                </tbody>
              </table>
            </table-wrap>
          </sec>
          <sec id="creation-of-the-variable-that-indicates-female-in-leading-role-nb-article">
            <title>3.3 Creation of the variable that indicates female in leading
    role</title>
            <p>Collected list of all female actresses
    Took the first cast member named
    Merged and created female_lead variable
    1 = female lead</p>
            <table-wrap>
              <table>
                <thead>
                  <tr>
                    <th>Title</th>
                    <th>First Actor</th>
                    <th>Female Lead</th>
                  </tr>
                </thead>
                <tbody>
                  <tr>
                    <td>The Family</td>
                    <td>Robert De Niro</td>
                    <td>0</td>
                  </tr>
                  <tr>
                    <td>The Shack</td>
                    <td>Sam Worthington</td>
                    <td>0</td>
                  </tr>
                  <tr>
                    <td>The Dead Zone</td>
                    <td>Christopher Walken</td>
                    <td>0</td>
                  </tr>
                  <tr>
                    <td>The Ref</td>
                    <td>Denis Leary</td>
                    <td>0</td>
                  </tr>
                  <tr>
                    <td>Flyboys</td>
                    <td>James Franco</td>
                    <td>0</td>
                  </tr>
                  <tr>
                    <td>ATL</td>
                    <td>Tip ‘T.I.’ Harris</td>
                    <td>0</td>
                  </tr>
                  <tr>
                    <td>Like a Boss</td>
                    <td>Tiffany Haddish</td>
                    <td>1</td>
                  </tr>
                  <tr>
                    <td>Enemy Mine</td>
                    <td>Dennis Quaid</td>
                    <td>0</td>
                  </tr>
                  <tr>
                    <td>Proud Mary</td>
                    <td>Taraji P. Henson</td>
                    <td>1</td>
                  </tr>
                  <tr>
                    <td>Valmont</td>
                    <td>Colin Firth</td>
                    <td>0</td>
                  </tr>
                </tbody>
              </table>
            </table-wrap>
          </sec>
          <sec id="propensity-score-matching-nb-article">
            <title>3.4 Propensity score matching</title>
            <p>StandardScaler Propensity scores calculated</p>
          </sec>
          <sec id="robustness-checks-nb-article">
            <title>3.5 Robustness Checks</title>
            <p>Implemented the IMDb score as the outcome variable as a
    robustness check
    Does a female in the lead role impact the critical success of the
    film?</p>
          </sec>
        </sec>
        <sec id="sec-results-nb-article">
          <title>4 Results</title>
          <sec id="box-office-results-nb-article">
            <title>4.1 Box Office Results</title>
            <p>Female-lead had higher box-office average</p>
          </sec>
          <sec id="imdb-rating-results-nb-article">
            <title>4.2 IMDb Rating Results</title>
            <p>Female-lead had lower IMDb scores</p>
            <table-wrap>
              <table>
                <thead>
                  <tr>
                    <th>Gender of Lead Role</th>
                    <th>Box Office</th>
                    <th>IMDb Rating</th>
                  </tr>
                </thead>
                <tbody>
                  <tr>
                    <td>Female</td>
                    <td>62,708,871.36</td>
                    <td>6.329</td>
                  </tr>
                  <tr>
                    <td>Male</td>
                    <td>61,076,707.45</td>
                    <td>6.601</td>
                  </tr>
                </tbody>
              </table>
            </table-wrap>
          </sec>
        </sec>
        <sec id="sec-conclusion-nb-article">
          <title>5 Conclusion</title>
          <sec id="limitations-nb-article">
            <title>5.1 Limitations:</title>
            <list list-type="order">
              <list-item>
                <p>More data</p>
              </list-item>
              <list-item>
                <p>Network Analysis</p>
              </list-item>
              <list-item>
                <p>Robustness Checks with Bechdel test</p>
              </list-item>
              <list-item>
                <p>Inacurracy from matching female leads &amp; first actor not
        always the lead</p>
              </list-item>
              <list-item>
                <p>Unbalanced Dataset (is this an issue?)</p>
              </list-item>
            </list>
          </sec>
        </sec>
        <sec id="references-nb-article">
          <title>References</title>
        </sec>
      </sec>
    </body>
    <back>
</back>
  </sub-article>
  <!-- (F2ED4C6E)[nb-1]:/Users/lizziehealy/Desktop/DSAN_5650/Matching_Movies/notebooks/data_clean.ipynb -->
  <!-- (F2ED4C6E)[nb-2]:/Users/lizziehealy/Desktop/DSAN_5650/Matching_Movies/notebooks/data_collect.ipynb -->
  <!-- (F2ED4C6E)[nb-3]:/Users/lizziehealy/Desktop/DSAN_5650/Matching_Movies/notebooks/propensity_scores.ipynb -->
  <!-- (F2ED4C6E)[nb-4]:/Users/lizziehealy/Desktop/DSAN_5650/Matching_Movies/notebooks/manufactured_vars.ipynb -->
</article>
